--  MySQL Database Dump 1.1
--  Host: 127.0.0.1    Database: seafood
--  Server version 5.5.27
--
--  Dump database seafood on 20-08-2014 12:43:31 AM
--

--
--  Table structure for table "bilangan"
--
DROP TABLE IF EXISTS bilangan;

CREATE TABLE `bilangan` (
  `id` int(11) NOT NULL,
  `Bilangan` varchar(20) DEFAULT NULL,
  PRIMARY KEY (`id`)
) ENGINE=InnoDB DEFAULT CHARSET=latin1;

--
--  Table data for table "bilangan". Record count - 12 
--
LOCK TABLES bilangan WRITE;

INSERT INTO bilangan VALUES (0,'');
INSERT INTO bilangan VALUES (1,'Satu');
INSERT INTO bilangan VALUES (2,'Dua');
INSERT INTO bilangan VALUES (3,'Tiga');
INSERT INTO bilangan VALUES (4,'Empat');
INSERT INTO bilangan VALUES (5,'Lima');
INSERT INTO bilangan VALUES (6,'Enam');
INSERT INTO bilangan VALUES (7,'Tujuh');
INSERT INTO bilangan VALUES (8,'Delapan');
INSERT INTO bilangan VALUES (9,'Sembilan');
INSERT INTO bilangan VALUES (10,'Sepuluh');
INSERT INTO bilangan VALUES (11,'Sebelas');


UNLOCK TABLES;

--
--  Table structure for table "data_app_menu"
--
DROP TABLE IF EXISTS data_app_menu;

CREATE TABLE `data_app_menu` (
  `id` int(10) NOT NULL DEFAULT '0',
  `parent` int(100) DEFAULT NULL,
  `nama` varchar(100) DEFAULT NULL,
  `tgl_edit` datetime DEFAULT NULL
) ENGINE=MyISAM DEFAULT CHARSET=latin1;

--
--  Table data for table "data_app_menu". Record count - 56 
--
LOCK TABLES data_app_menu WRITE;

INSERT INTO data_app_menu VALUES (100,0,'APPLICATION',NULL);
INSERT INTO data_app_menu VALUES (101,100,'LOGOUT',NULL);
INSERT INTO data_app_menu VALUES (103,100,'BACKUP AND RESTORE',NULL);
INSERT INTO data_app_menu VALUES (104,100,'LOCK DESKTOP',NULL);
INSERT INTO data_app_menu VALUES (105,100,'SHUTDOWN WINDOWS',NULL);
INSERT INTO data_app_menu VALUES (106,100,'TENTANG',NULL);
INSERT INTO data_app_menu VALUES (107,100,'EXIT',NULL);
INSERT INTO data_app_menu VALUES (200,0,'SETTINGS',NULL);
INSERT INTO data_app_menu VALUES (300,0,'MASTER',NULL);
INSERT INTO data_app_menu VALUES (308,300,'PEGAWAI',NULL);
INSERT INTO data_app_menu VALUES (306,300,'MENU SAJIAN NON BARCODE',NULL);
INSERT INTO data_app_menu VALUES (304,300,'MASTER JENIS',NULL);
INSERT INTO data_app_menu VALUES (305,300,'MENU SAJIAN BARCODE',NULL);
INSERT INTO data_app_menu VALUES (302,300,'MASTER SATUAN',NULL);
INSERT INTO data_app_menu VALUES (303,300,'MASTER KONVERSI SATUAN',NULL);
INSERT INTO data_app_menu VALUES (301,300,'MASTER MEJA',NULL);
INSERT INTO data_app_menu VALUES (400,0,'REPORTS',NULL);
INSERT INTO data_app_menu VALUES (411,410,'PENDAPATAN',NULL);
INSERT INTO data_app_menu VALUES (412,410,'PENGELUARAN',NULL);
INSERT INTO data_app_menu VALUES (430,400,'RUGI /LABA ',NULL);
INSERT INTO data_app_menu VALUES (431,400,'STOK',NULL);
INSERT INTO data_app_menu VALUES (451,450,'DESIGN STRUK',NULL);
INSERT INTO data_app_menu VALUES (452,450,'DESIGN PENDAPATAN HARIAN',NULL);
INSERT INTO data_app_menu VALUES (453,450,'DESIGN PENGELUARAN HARIAN',NULL);
INSERT INTO data_app_menu VALUES (456,450,'DESIGN RUGI/LABA',NULL);
INSERT INTO data_app_menu VALUES (500,0,'TRANSAKSI',NULL);
INSERT INTO data_app_menu VALUES (501,500,'PENGELUARAN BIASA',NULL);
INSERT INTO data_app_menu VALUES (503,500,'HISTORY PENDAPATAN',NULL);
INSERT INTO data_app_menu VALUES (504,500,'PENDAPATAN LAIN',NULL);
INSERT INTO data_app_menu VALUES (505,500,'MODAL AWAL',NULL);
INSERT INTO data_app_menu VALUES (450,400,'DESIGN',NULL);
INSERT INTO data_app_menu VALUES (102,100,'GANTI PASSWORD',NULL);
INSERT INTO data_app_menu VALUES (457,450,'DESIGN STOK',NULL);
INSERT INTO data_app_menu VALUES (502,500,'PENGELUARAN UNTUK BAHAN UTAMA/BARCODE',NULL);
INSERT INTO data_app_menu VALUES (506,500,'PERUBAHAN /PENYESUAIAN STOK MANUAL',NULL);
INSERT INTO data_app_menu VALUES (410,400,'HARIAN',NULL);
INSERT INTO data_app_menu VALUES (420,400,'BULANAN',NULL);
INSERT INTO data_app_menu VALUES (421,420,'PENDAPATAN',NULL);
INSERT INTO data_app_menu VALUES (422,420,'PENGELUARAN',NULL);
INSERT INTO data_app_menu VALUES (454,450,'DESIGN PENDAPATAN BULANAN',NULL);
INSERT INTO data_app_menu VALUES (455,450,'DESIGN PENGELUARAN BULANAN',NULL);
INSERT INTO data_app_menu VALUES (440,400,'PAJAK',NULL);
INSERT INTO data_app_menu VALUES (441,440,'SPTPD',NULL);
INSERT INTO data_app_menu VALUES (442,440,'SSPD',NULL);
INSERT INTO data_app_menu VALUES (307,300,'BAHAN NON MENU',NULL);
INSERT INTO data_app_menu VALUES (461,450,'SPTPD',NULL);
INSERT INTO data_app_menu VALUES (462,450,'SSPD',NULL);
INSERT INTO data_app_menu VALUES (443,440,'REKAP PENJUALAN',NULL);
INSERT INTO data_app_menu VALUES (463,450,'REKAP PENJUALAN',NULL);
INSERT INTO data_app_menu VALUES (432,400,'PERUBAHAN STOK',NULL);
INSERT INTO data_app_menu VALUES (433,400,'TUTUP BUKU HARIAN',NULL);
INSERT INTO data_app_menu VALUES (458,450,'DESIGN PERUBAHAN STOK',NULL);
INSERT INTO data_app_menu VALUES (459,450,'DESIGN TUTUP BUKU HARIAN',NULL);
INSERT INTO data_app_menu VALUES (460,450,'DESIGN MODAL',NULL);
INSERT INTO data_app_menu VALUES (434,400,'MODAL',NULL);
INSERT INTO data_app_menu VALUES (507,500,'TUTUP BUKU HARIAN',NULL);


UNLOCK TABLES;

--
--  Table structure for table "data_jenismenu"
--
DROP TABLE IF EXISTS data_jenismenu;

CREATE TABLE `data_jenismenu` (
  `id` int(10) NOT NULL AUTO_INCREMENT,
  `nama` varchar(20) DEFAULT NULL,
  `warna` varchar(20) DEFAULT '$00566A22',
  `sort` int(10) NOT NULL DEFAULT '0',
  `tgl_edit` datetime NOT NULL,
  PRIMARY KEY (`id`)
) ENGINE=MyISAM AUTO_INCREMENT=7 DEFAULT CHARSET=latin1 COMMENT='1->makanan,2->minuman,3->lain';

--
--  Table data for table "data_jenismenu". Record count - 6 
--
LOCK TABLES data_jenismenu WRITE;

INSERT INTO data_jenismenu VALUES (1,'Makanan','$00990000',0,'0000-00-00 00:00:00');
INSERT INTO data_jenismenu VALUES (2,'Minuman','$009900CC',0,'0000-00-00 00:00:00');
INSERT INTO data_jenismenu VALUES (3,'Lain-Lain','$00566A22',0,'0000-00-00 00:00:00');
INSERT INTO data_jenismenu VALUES (4,'Rokok','$00566A22',0,'0000-00-00 00:00:00');
INSERT INTO data_jenismenu VALUES (5,'Snack','$00566A22',0,'0000-00-00 00:00:00');
INSERT INTO data_jenismenu VALUES (6,'Kerupuk','$00663300',0,'0000-00-00 00:00:00');


UNLOCK TABLES;

--
--  Table structure for table "data_login"
--
DROP TABLE IF EXISTS data_login;

CREATE TABLE `data_login` (
  `id` int(10) NOT NULL AUTO_INCREMENT,
  `id_pegawai` int(10) DEFAULT NULL,
  `login` datetime DEFAULT NULL,
  `logout` datetime DEFAULT NULL,
  `keterangan` varchar(10) DEFAULT NULL,
  `tgl_edit` datetime DEFAULT NULL,
  PRIMARY KEY (`id`)
) ENGINE=MyISAM AUTO_INCREMENT=7 DEFAULT CHARSET=latin1;

--
--  Table data for table "data_login". Record count - 6 
--
LOCK TABLES data_login WRITE;

INSERT INTO data_login VALUES (1,5,'2011-08-03 14:23:38','2011-08-03 14:28:04',NULL,NULL);
INSERT INTO data_login VALUES (2,5,'2014-08-18 21:57:31','2014-08-18 22:02:55',NULL,NULL);
INSERT INTO data_login VALUES (3,5,'2014-08-18 22:03:28','2014-08-18 22:05:46',NULL,NULL);
INSERT INTO data_login VALUES (4,5,'2014-08-20 00:40:54','2014-08-20 00:41:00',NULL,NULL);
INSERT INTO data_login VALUES (5,5,'2014-08-20 00:41:13','2014-08-20 00:41:16',NULL,NULL);
INSERT INTO data_login VALUES (6,5,'2014-08-20 00:42:23',NULL,NULL,NULL);


UNLOCK TABLES;

--
--  Table structure for table "data_meja"
--
DROP TABLE IF EXISTS data_meja;

CREATE TABLE `data_meja` (
  `id` int(10) NOT NULL AUTO_INCREMENT,
  `Nama` varchar(100) DEFAULT NULL,
  `sort` int(10) NOT NULL DEFAULT '0',
  `tgl_edit` datetime DEFAULT NULL,
  PRIMARY KEY (`id`)
) ENGINE=MyISAM AUTO_INCREMENT=22 DEFAULT CHARSET=latin1;

--
--  Table data for table "data_meja". Record count - 21 
--
LOCK TABLES data_meja WRITE;

INSERT INTO data_meja VALUES (1,'A',0,NULL);
INSERT INTO data_meja VALUES (2,'B',1,NULL);
INSERT INTO data_meja VALUES (3,'C',2,NULL);
INSERT INTO data_meja VALUES (4,'D',3,NULL);
INSERT INTO data_meja VALUES (5,'E',4,NULL);
INSERT INTO data_meja VALUES (6,'F',5,NULL);
INSERT INTO data_meja VALUES (7,'G',6,NULL);
INSERT INTO data_meja VALUES (8,'H',7,NULL);
INSERT INTO data_meja VALUES (9,'1',8,NULL);
INSERT INTO data_meja VALUES (10,'2',9,NULL);
INSERT INTO data_meja VALUES (11,'3',10,NULL);
INSERT INTO data_meja VALUES (12,'4',11,NULL);
INSERT INTO data_meja VALUES (13,'5',12,NULL);
INSERT INTO data_meja VALUES (14,'6',13,NULL);
INSERT INTO data_meja VALUES (15,'7',14,NULL);
INSERT INTO data_meja VALUES (16,'8',15,NULL);
INSERT INTO data_meja VALUES (17,'9',16,NULL);
INSERT INTO data_meja VALUES (18,'10',17,NULL);
INSERT INTO data_meja VALUES (19,'11',18,NULL);
INSERT INTO data_meja VALUES (20,'12',19,NULL);
INSERT INTO data_meja VALUES (21,'13',20,NULL);


UNLOCK TABLES;

--
--  Table structure for table "data_menus"
--
DROP TABLE IF EXISTS data_menus;

CREATE TABLE `data_menus` (
  `id` int(10) NOT NULL AUTO_INCREMENT,
  `barcode` varchar(20) DEFAULT NULL,
  `nama` varchar(50) DEFAULT NULL,
  `id_jenismenu` int(10) DEFAULT NULL,
  `id_subjenismenu` int(10) DEFAULT NULL,
  `id_satuan` int(10) DEFAULT NULL,
  `harga` double DEFAULT NULL,
  `sort` int(11) DEFAULT NULL,
  `isNewLineAfter` int(1) DEFAULT NULL,
  `tgl_edit` datetime DEFAULT NULL,
  PRIMARY KEY (`id`)
) ENGINE=MyISAM AUTO_INCREMENT=144 DEFAULT CHARSET=latin1;

--
--  Table data for table "data_menus". Record count - 143 
--
LOCK TABLES data_menus WRITE;

INSERT INTO data_menus VALUES (1,NULL,'REBUS',1,2,5,8000,NULL,NULL,NULL);
INSERT INTO data_menus VALUES (2,NULL,'GORENG MENTEGA',1,2,5,8000,NULL,NULL,NULL);
INSERT INTO data_menus VALUES (3,NULL,'GORENG TEPUNG',1,2,5,8000,NULL,NULL,NULL);
INSERT INTO data_menus VALUES (4,NULL,'GORENG SAUS TIRAM',1,2,5,8000,NULL,NULL,NULL);
INSERT INTO data_menus VALUES (5,NULL,'GORENG ASAM MANIS',1,2,5,8000,NULL,NULL,NULL);
INSERT INTO data_menus VALUES (6,NULL,'GORENG SAUS PADANG',1,2,5,8000,NULL,1,NULL);
INSERT INTO data_menus VALUES (7,NULL,'BAKAR',1,3,2,15000,NULL,NULL,NULL);
INSERT INTO data_menus VALUES (8,NULL,'GORENG MENTEGA',1,3,2,15000,NULL,NULL,NULL);
INSERT INTO data_menus VALUES (9,NULL,'GORENG TEPUNG',1,3,2,15000,NULL,NULL,NULL);
INSERT INTO data_menus VALUES (10,NULL,'GORENG KERING',1,3,2,15000,NULL,NULL,NULL);
INSERT INTO data_menus VALUES (11,NULL,'GORENG SAUS TIRAM',1,3,2,15000,NULL,NULL,NULL);
INSERT INTO data_menus VALUES (12,NULL,'GORENG ASAM MANIS',1,3,2,15000,NULL,NULL,NULL);
INSERT INTO data_menus VALUES (13,NULL,'GORENG SAUS PADANG',1,3,2,15000,NULL,1,NULL);
INSERT INTO data_menus VALUES (14,NULL,'REBUS',1,4,2,15000,NULL,NULL,NULL);
INSERT INTO data_menus VALUES (15,NULL,'BAKAR',1,4,2,15000,NULL,NULL,NULL);
INSERT INTO data_menus VALUES (16,NULL,'GORENG MENTEGA',1,4,2,15000,NULL,NULL,NULL);
INSERT INTO data_menus VALUES (17,NULL,'GORENG KERING',1,4,2,15000,NULL,NULL,NULL);
INSERT INTO data_menus VALUES (18,NULL,'GORENG TEPUNG',1,4,2,15000,NULL,NULL,NULL);
INSERT INTO data_menus VALUES (19,NULL,'GORENG SAOS TIRAM',1,4,2,15000,NULL,NULL,NULL);
INSERT INTO data_menus VALUES (20,NULL,'GORENG ASEM MANIS',1,4,2,15000,NULL,NULL,NULL);
INSERT INTO data_menus VALUES (21,NULL,'GORENG SAOS PADANG',1,4,2,15000,NULL,1,NULL);
INSERT INTO data_menus VALUES (22,NULL,'BAKAR',1,5,5,5000,NULL,NULL,NULL);
INSERT INTO data_menus VALUES (23,NULL,'GORENG MENTEGA',1,5,5,5000,NULL,NULL,NULL);
INSERT INTO data_menus VALUES (24,NULL,'GORENG KERING',1,5,5,5000,NULL,NULL,NULL);
INSERT INTO data_menus VALUES (25,NULL,'GORENG TEPUNG',1,5,5,5000,NULL,NULL,NULL);
INSERT INTO data_menus VALUES (26,NULL,'GORENG SAUS TIRAM',1,5,5,5000,NULL,NULL,NULL);
INSERT INTO data_menus VALUES (27,NULL,'GORENG ASAM MANIS',1,5,5,5000,NULL,NULL,NULL);
INSERT INTO data_menus VALUES (28,NULL,'GORENG SAUS PADANG',1,5,5,5000,NULL,1,NULL);
INSERT INTO data_menus VALUES (29,NULL,'BAKAR',1,6,5,5000,NULL,NULL,NULL);
INSERT INTO data_menus VALUES (30,NULL,'GORENG MENTEGA',1,6,5,5000,NULL,NULL,NULL);
INSERT INTO data_menus VALUES (31,NULL,'GORENG KERING',1,6,5,5000,NULL,NULL,NULL);
INSERT INTO data_menus VALUES (32,NULL,'GORENG TEPUNG',1,6,5,5000,NULL,NULL,NULL);
INSERT INTO data_menus VALUES (33,NULL,'GORENG SAOS TIRAM',1,6,5,5000,NULL,NULL,NULL);
INSERT INTO data_menus VALUES (34,NULL,'GORENG ASAM MANIS',1,6,5,5000,NULL,NULL,NULL);
INSERT INTO data_menus VALUES (35,NULL,'GORENG SAOS PADANG',1,6,5,5000,NULL,1,NULL);
INSERT INTO data_menus VALUES (36,NULL,'REBUS',1,8,2,10000,NULL,NULL,NULL);
INSERT INTO data_menus VALUES (37,NULL,'GORENG MENTEGA',1,8,2,10000,NULL,NULL,NULL);
INSERT INTO data_menus VALUES (38,NULL,'GORENG KERING',1,8,2,10000,NULL,NULL,NULL);
INSERT INTO data_menus VALUES (39,NULL,'GORENG TEPUNG',1,8,2,10000,NULL,NULL,NULL);
INSERT INTO data_menus VALUES (40,NULL,'GORENG SAOS TIRAM',1,8,2,10000,NULL,NULL,NULL);
INSERT INTO data_menus VALUES (41,NULL,'GORENG ASAM MANIS',1,8,2,10000,NULL,NULL,NULL);
INSERT INTO data_menus VALUES (42,NULL,'GORENG SAOS PADANG',1,8,2,10000,NULL,1,NULL);
INSERT INTO data_menus VALUES (43,NULL,'SATE',1,10,2,15000,NULL,NULL,NULL);
INSERT INTO data_menus VALUES (44,NULL,'GORENG MENTEGA',1,10,2,15000,NULL,NULL,NULL);
INSERT INTO data_menus VALUES (45,NULL,'GORENG TEPUNG',1,10,2,15000,NULL,NULL,NULL);
INSERT INTO data_menus VALUES (46,NULL,'GORENG SAOS TIRAM',1,10,2,15000,NULL,NULL,NULL);
INSERT INTO data_menus VALUES (47,NULL,'GORENG ASAM MANIS',1,10,2,15000,NULL,NULL,NULL);
INSERT INTO data_menus VALUES (48,NULL,'GORENG SAOS PADANG',1,10,2,15000,NULL,1,NULL);
INSERT INTO data_menus VALUES (49,NULL,'AYAM GORENG',1,7,2,15000,NULL,NULL,NULL);
INSERT INTO data_menus VALUES (50,NULL,'AYAM BAKAR',1,7,2,15000,NULL,NULL,NULL);
INSERT INTO data_menus VALUES (51,NULL,'BEBEK GORENG',1,7,2,15000,NULL,NULL,NULL);
INSERT INTO data_menus VALUES (52,NULL,'BEBEK BAKAR',1,7,2,15000,NULL,NULL,NULL);
INSERT INTO data_menus VALUES (53,NULL,'LELE',1,7,2,5000,NULL,NULL,NULL);
INSERT INTO data_menus VALUES (54,NULL,'TEMPE',1,7,2,2500,NULL,NULL,NULL);
INSERT INTO data_menus VALUES (55,NULL,'TAHU',1,7,2,2500,NULL,1,NULL);
INSERT INTO data_menus VALUES (56,NULL,'CAH SAWI',1,1,2,5000,NULL,NULL,NULL);
INSERT INTO data_menus VALUES (57,NULL,'CAH SAYUR',1,1,2,5000,NULL,NULL,NULL);
INSERT INTO data_menus VALUES (58,NULL,'CAH KANGKUNG',1,1,2,5000,NULL,NULL,NULL);
INSERT INTO data_menus VALUES (59,NULL,'PIRING',1,9,2,3000,NULL,NULL,NULL);
INSERT INTO data_menus VALUES (60,NULL,'BAKUL KECIL',1,9,2,10000,NULL,NULL,NULL);
INSERT INTO data_menus VALUES (61,NULL,'BAKUL BESAR',1,9,2,15000,NULL,1,NULL);
INSERT INTO data_menus VALUES (62,NULL,'ES TEH',2,1,9,2000,NULL,NULL,NULL);
INSERT INTO data_menus VALUES (63,NULL,'TEH PANAS-HANGAT',2,1,9,2000,NULL,NULL,NULL);
INSERT INTO data_menus VALUES (64,NULL,'ES JERUK',2,1,9,2500,NULL,NULL,NULL);
INSERT INTO data_menus VALUES (65,NULL,'JERUK PANAS-HANGAT',2,1,9,2500,NULL,NULL,NULL);
INSERT INTO data_menus VALUES (66,NULL,'KOPI',2,1,9,2000,NULL,NULL,NULL);
INSERT INTO data_menus VALUES (67,NULL,'KOPI SUSU',2,1,9,2500,NULL,NULL,NULL);
INSERT INTO data_menus VALUES (68,NULL,'ES SUSU',2,1,9,6000,NULL,NULL,NULL);
INSERT INTO data_menus VALUES (69,NULL,'SUSU PANAS',2,1,9,6000,NULL,NULL,NULL);
INSERT INTO data_menus VALUES (70,NULL,'JHOSSUA',2,1,9,6000,NULL,NULL,NULL);
INSERT INTO data_menus VALUES (71,NULL,'ES OYEN',2,1,2,5000,NULL,NULL,NULL);
INSERT INTO data_menus VALUES (72,NULL,'HAPPY COLA',2,1,9,6000,NULL,NULL,NULL);
INSERT INTO data_menus VALUES (73,NULL,'HAPPY TEBS',2,1,9,6000,NULL,NULL,NULL);
INSERT INTO data_menus VALUES (74,NULL,'SODA GEMBIRA',2,1,9,8000,NULL,NULL,NULL);
INSERT INTO data_menus VALUES (75,NULL,'ES DEGAN',2,1,9,4000,NULL,NULL,NULL);
INSERT INTO data_menus VALUES (76,NULL,'ES DEGAN BUAH',2,1,9,6000,NULL,NULL,NULL);
INSERT INTO data_menus VALUES (77,NULL,'SPRITE 200ML',2,1,3,3000,NULL,NULL,NULL);
INSERT INTO data_menus VALUES (78,NULL,'FRESTEA 220ML',2,1,3,3000,NULL,NULL,NULL);
INSERT INTO data_menus VALUES (79,NULL,'COCA-COLA 193ML',2,1,3,3000,NULL,NULL,NULL);
INSERT INTO data_menus VALUES (80,NULL,'FANTA STRAWBERY 200ML',2,1,3,3000,NULL,NULL,NULL);
INSERT INTO data_menus VALUES (81,NULL,'FANTA SODA WATER 295ML',2,1,3,3000,NULL,NULL,NULL);
INSERT INTO data_menus VALUES (82,NULL,'TEBS 230ML',2,1,3,3000,NULL,NULL,NULL);
INSERT INTO data_menus VALUES (83,NULL,'SOSRO 220ML',2,1,3,3000,NULL,NULL,NULL);
INSERT INTO data_menus VALUES (84,NULL,'S-TEE 318ML',2,1,3,3000,NULL,NULL,NULL);
INSERT INTO data_menus VALUES (85,NULL,'JOYTEA 234ML',2,1,3,3000,NULL,NULL,NULL);
INSERT INTO data_menus VALUES (86,NULL,'FRUIT TEA 235ML',2,1,3,3000,NULL,NULL,NULL);
INSERT INTO data_menus VALUES (87,'8886008101046','AQUA 240 ML',2,44,9,500,NULL,NULL,NULL);
INSERT INTO data_menus VALUES (88,'8886008101053','AQUA 600 ML',2,45,3,3000,NULL,NULL,NULL);
INSERT INTO data_menus VALUES (89,NULL,'AQUA 1LITER',2,71,3,5000,NULL,NULL,NULL);
INSERT INTO data_menus VALUES (90,'8997001970079','MARSHOF 220 ML',2,46,9,500,NULL,NULL,NULL);
INSERT INTO data_menus VALUES (91,'8999908034205','HEMAVITON Energy Drink 150 ML',2,21,3,3500,NULL,NULL,NULL);
INSERT INTO data_menus VALUES (92,'8886057883665','KRATINDAENG Energy Drink 150 ML',2,20,3,3500,NULL,NULL,NULL);
INSERT INTO data_menus VALUES (93,'8992761111533','SPRITE 250 ML',2,14,11,5000,NULL,NULL,NULL);
INSERT INTO data_menus VALUES (94,'8992761111519','COCA COLA 250 ML',2,16,11,5000,NULL,NULL,NULL);
INSERT INTO data_menus VALUES (95,'8992761111595','FANTA BLUEBERY 250 ML',2,41,11,5000,NULL,NULL,NULL);
INSERT INTO data_menus VALUES (96,'8992761111540','FANTA STRAWBERY 250 ML',2,15,11,5000,NULL,NULL,NULL);
INSERT INTO data_menus VALUES (97,'8992761122331','FRESTEA APEL 500ML',2,91,3,6000,NULL,NULL,NULL);
INSERT INTO data_menus VALUES (98,'8992761122355','FRESTEA LEMON 500ML',2,92,3,6000,NULL,NULL,NULL);
INSERT INTO data_menus VALUES (99,'8992761122348','FRESTEA MARKISA 500 ML',2,19,3,6000,NULL,NULL,NULL);
INSERT INTO data_menus VALUES (100,'8997035563414','POCARI SWEAT 500ML',2,40,3,6000,NULL,NULL,NULL);
INSERT INTO data_menus VALUES (101,'8992761166038','PULPY ORANGE 350 ML',2,18,3,6000,NULL,NULL,NULL);
INSERT INTO data_menus VALUES (102,'8992761122379','ISOTONIK LEMON 500ML',2,39,3,6000,NULL,NULL,NULL);
INSERT INTO data_menus VALUES (103,'8992761122386','ISOTONIK ORANGE 500ML',2,22,3,6000,NULL,NULL,NULL);
INSERT INTO data_menus VALUES (104,'8992761136161','COCA COLA 1 LITER',2,17,3,10000,NULL,NULL,NULL);
INSERT INTO data_menus VALUES (105,'8994116101176','COUNTRY CHOICE JERUK 250 ML',2,43,10,4000,NULL,NULL,NULL);
INSERT INTO data_menus VALUES (106,'8994116101190','COUNTRY CHOICE GUAVA 250 ML',2,42,10,4000,NULL,NULL,NULL);
INSERT INTO data_menus VALUES (107,'89981801','Ardath',3,25,4,6500,NULL,NULL,NULL);
INSERT INTO data_menus VALUES (108,'8998127533124','Country Merah',3,24,4,7500,NULL,NULL,NULL);
INSERT INTO data_menus VALUES (109,'76164217','Malboro Merah',3,26,4,11000,NULL,NULL,NULL);
INSERT INTO data_menus VALUES (110,'76239878','Malboro Putih',3,27,4,11000,NULL,NULL,NULL);
INSERT INTO data_menus VALUES (111,'8991906101668','Djarum 76',3,29,4,6500,NULL,NULL,NULL);
INSERT INTO data_menus VALUES (112,'8991906101019','Djarum Super',3,30,4,8000,NULL,NULL,NULL);
INSERT INTO data_menus VALUES (113,'8991906101118','Djarum Black',3,31,4,7500,NULL,NULL,NULL);
INSERT INTO data_menus VALUES (114,'8999909028234','Dji Sam Soe',3,28,4,11000,NULL,NULL,NULL);
INSERT INTO data_menus VALUES (115,'8998989100120','G.G Inter',3,35,4,9000,NULL,NULL,NULL);
INSERT INTO data_menus VALUES (116,'8998989110129','Surya 12',3,34,4,8500,NULL,NULL,NULL);
INSERT INTO data_menus VALUES (117,'8998989300063','Surya 12 Premium',3,33,4,8000,NULL,NULL,NULL);
INSERT INTO data_menus VALUES (118,'8991906101057','L.A Lights 16',3,32,4,9500,NULL,NULL,NULL);
INSERT INTO data_menus VALUES (119,'8993989311699','Class Mild 16',3,69,4,9000,NULL,NULL,NULL);
INSERT INTO data_menus VALUES (120,'8993989511679','Class Mild Menthol 16',3,70,4,9000,NULL,NULL,NULL);
INSERT INTO data_menus VALUES (121,'8999909096004','Sampoerna Mild 16',3,23,4,10500,NULL,NULL,NULL);
INSERT INTO data_menus VALUES (122,'8998127611136','Tali Jagat Filter',3,36,4,5000,NULL,NULL,NULL);
INSERT INTO data_menus VALUES (123,'8998127622132','Tali Jagat Kretek',3,37,4,4500,NULL,NULL,NULL);
INSERT INTO data_menus VALUES (124,'8992775511602','LEO Nacho Cheese',3,47,4,1000,NULL,NULL,NULL);
INSERT INTO data_menus VALUES (125,'8992775511206','LEO Potato Crisps',3,48,4,1000,NULL,NULL,NULL);
INSERT INTO data_menus VALUES (126,'1','Molen',3,93,4,9000,NULL,NULL,NULL);
INSERT INTO data_menus VALUES (127,'2','KORO GURIH',3,94,4,6500,NULL,NULL,NULL);
INSERT INTO data_menus VALUES (128,'3','Sale Pisang',3,95,4,9000,NULL,NULL,NULL);
INSERT INTO data_menus VALUES (129,'4','Melinjo Manis',3,96,4,9500,NULL,NULL,NULL);
INSERT INTO data_menus VALUES (130,'5','Keciput Putih',3,97,4,6500,NULL,NULL,NULL);
INSERT INTO data_menus VALUES (131,'6','Keciput Hitam',3,98,4,10000,NULL,NULL,NULL);
INSERT INTO data_menus VALUES (132,'7','Teng Teng Jahe',3,99,4,11000,NULL,NULL,NULL);
INSERT INTO data_menus VALUES (133,'8','Teng Teng Kacang',3,100,4,11000,NULL,NULL,NULL);
INSERT INTO data_menus VALUES (134,'9','Kerupuk Kotak',3,101,4,1000,NULL,NULL,NULL);
INSERT INTO data_menus VALUES (135,'10','Tengiri',3,102,4,1000,NULL,NULL,NULL);
INSERT INTO data_menus VALUES (136,'11','Kemplang',3,103,4,2500,NULL,NULL,NULL);
INSERT INTO data_menus VALUES (137,'12','Tempe Kecil',3,104,4,1000,NULL,NULL,NULL);
INSERT INTO data_menus VALUES (138,'13','Tempe Besar',3,105,4,1500,NULL,NULL,NULL);
INSERT INTO data_menus VALUES (139,'14','Rambak Kecil',3,106,4,1000,NULL,NULL,NULL);
INSERT INTO data_menus VALUES (140,'15','Rambak Besar',3,107,4,1500,NULL,1,NULL);
INSERT INTO data_menus VALUES (141,'16','Ikan Palembang',3,108,4,1500,NULL,NULL,NULL);
INSERT INTO data_menus VALUES (142,'17','Makaroni',3,109,4,1000,NULL,NULL,NULL);
INSERT INTO data_menus VALUES (143,'18','Korek Api',3,110,10,1500,NULL,NULL,NULL);


UNLOCK TABLES;

--
--  Table structure for table "data_menus_bahanpembentuk"
--
DROP TABLE IF EXISTS data_menus_bahanpembentuk;

CREATE TABLE `data_menus_bahanpembentuk` (
  `id` int(10) NOT NULL AUTO_INCREMENT,
  `id_menu` int(10) DEFAULT NULL,
  `id_subjenismenu` int(10) DEFAULT NULL,
  `banyak` float DEFAULT NULL,
  `id_Satuan` int(10) DEFAULT NULL,
  PRIMARY KEY (`id`)
) ENGINE=InnoDB AUTO_INCREMENT=4 DEFAULT CHARSET=latin1;

--
--  Table data for table "data_menus_bahanpembentuk". Record count - 2 
--
LOCK TABLES data_menus_bahanpembentuk WRITE;

INSERT INTO data_menus_bahanpembentuk VALUES (2,74,14,1,3);
INSERT INTO data_menus_bahanpembentuk VALUES (3,2,45,1,3);


UNLOCK TABLES;

--
--  Table structure for table "data_modal"
--
DROP TABLE IF EXISTS data_modal;

CREATE TABLE `data_modal` (
  `id` int(10) NOT NULL AUTO_INCREMENT,
  `tgl` date DEFAULT NULL,
  `besar` double DEFAULT NULL,
  `id_pegawai` int(10) DEFAULT NULL,
  `keterangan` varchar(100) DEFAULT NULL,
  `tgl_edit` datetime DEFAULT NULL,
  `is_daritutupbuku` int(1) DEFAULT NULL,
  `id_tutupbuku` int(10) DEFAULT NULL,
  PRIMARY KEY (`id`)
) ENGINE=MyISAM AUTO_INCREMENT=2 DEFAULT CHARSET=latin1;

--
--  Table data for table "data_modal". Record count - 1 
--
LOCK TABLES data_modal WRITE;

INSERT INTO data_modal VALUES (1,'2011-08-03',10000000,5,NULL,NULL,NULL,NULL);


UNLOCK TABLES;

--
--  Table structure for table "data_pegawai"
--
DROP TABLE IF EXISTS data_pegawai;

CREATE TABLE `data_pegawai` (
  `id` int(10) NOT NULL AUTO_INCREMENT,
  `nama` varchar(50) DEFAULT NULL,
  `alamat` varchar(100) DEFAULT NULL,
  `notlp` varchar(50) DEFAULT NULL,
  `password` varchar(50) DEFAULT NULL,
  `IsOperator` int(1) DEFAULT NULL,
  `IsActive` int(1) DEFAULT NULL,
  `privilege` varchar(300) DEFAULT NULL,
  `isSinuhun` int(1) DEFAULT NULL,
  `tgl_edit` datetime DEFAULT NULL,
  PRIMARY KEY (`id`)
) ENGINE=MyISAM AUTO_INCREMENT=6 DEFAULT CHARSET=latin1;

--
--  Table data for table "data_pegawai". Record count - 4 
--
LOCK TABLES data_pegawai WRITE;

INSERT INTO data_pegawai VALUES (1,'sodik',NULL,NULL,'1468',1,1,';100;101;102;103;104;105;106;107;200;300;301;302;303;304;305;306;307;400;450;451;452;453;454;455;500;501;502;503;504;505;506',1,NULL);
INSERT INTO data_pegawai VALUES (2,'HUSNUL',NULL,NULL,'HUSNUL',1,1,';100;101;102;104;105;106;107;300;301;305;306;500;501;502;503;504;505',NULL,NULL);
INSERT INTO data_pegawai VALUES (3,'1',NULL,NULL,NULL,1,1,';100;101;102;103;104;105;106;107;200;300;301;302;303;304;305;306;307;308;400;410;411;412;420;421;422;430;431;432;450;451;452;453;454;455;456;457;500;501;502;503;504;505;506;507',1,NULL);
INSERT INTO data_pegawai VALUES (5,'trias',NULL,NULL,'trias',1,1,';100;101;102;103;104;105;106;107;200;300;301;302;303;304;305;306;307;308;400;410;411;412;420;421;422;430;431;432;433;434;440;441;442;443;450;451;452;453;454;455;456;457;458;459;460;461;462;463;500;501;502;503;504;505;506;507',1,NULL);


UNLOCK TABLES;

--
--  Table structure for table "data_pendapatan"
--
DROP TABLE IF EXISTS data_pendapatan;

CREATE TABLE `data_pendapatan` (
  `id` int(10) NOT NULL AUTO_INCREMENT,
  `typependapatan` int(1) DEFAULT NULL,
  `id_meja` int(10) DEFAULT NULL,
  `tgl` date DEFAULT NULL,
  `id_pegawai` int(10) DEFAULT NULL,
  `keterangan` varchar(100) DEFAULT NULL,
  `struk` varchar(100) DEFAULT NULL,
  `discount` double DEFAULT NULL,
  `bayar` double DEFAULT NULL,
  `datetimeposted` timestamp NULL DEFAULT CURRENT_TIMESTAMP,
  `tgl_edit` datetime DEFAULT NULL,
  PRIMARY KEY (`id`)
) ENGINE=MyISAM AUTO_INCREMENT=3 DEFAULT CHARSET=latin1 COMMENT='0->pake_meja,1->penjualan_langsung,2->lain2 ';

--
--  Table data for table "data_pendapatan". Record count - 2 
--
LOCK TABLES data_pendapatan WRITE;

INSERT INTO data_pendapatan VALUES (1,0,1,'2011-08-03',5,NULL,'1/0-tri/03082011',0,50000,'2011-08-03 14:26:51',NULL);
INSERT INTO data_pendapatan VALUES (2,0,1,'2014-08-18',5,NULL,'1/0-tri/18082014',0,20000,'2014-08-18 22:04:37',NULL);


UNLOCK TABLES;

--
--  Table structure for table "data_pengeluaran"
--
DROP TABLE IF EXISTS data_pengeluaran;

CREATE TABLE `data_pengeluaran` (
  `id` int(255) NOT NULL AUTO_INCREMENT,
  `item` varchar(100) DEFAULT NULL,
  `id_satuan` int(10) NOT NULL DEFAULT '0',
  `banyak` float DEFAULT NULL,
  `harga_satuan` double DEFAULT NULL,
  `keterangan` text,
  `tgl` date DEFAULT NULL,
  `id_pegawai` int(10) DEFAULT NULL,
  `isBahanUtama` int(1) DEFAULT NULL,
  `id_subjenismenu` int(10) DEFAULT NULL,
  `tgl_edit` datetime DEFAULT NULL,
  PRIMARY KEY (`id`)
) ENGINE=MyISAM AUTO_INCREMENT=3 DEFAULT CHARSET=latin1;

--
--  Table data for table "data_pengeluaran". Record count - 2 
--
LOCK TABLES data_pengeluaran WRITE;

INSERT INTO data_pengeluaran VALUES (1,'Pembelian: KEPITING',1,10,100000,'','2011-08-03',5,1,2,NULL);
INSERT INTO data_pengeluaran VALUES (2,'Pembelian: Djarum 76',4,20,12000,'','2014-08-18',5,1,29,NULL);


UNLOCK TABLES;

--
--  Table structure for table "data_perubahan"
--
DROP TABLE IF EXISTS data_perubahan;

CREATE TABLE `data_perubahan` (
  `id` int(10) NOT NULL AUTO_INCREMENT,
  `id_pegawai` int(10) DEFAULT NULL,
  `Nama_pemberi_ijin` varchar(100) DEFAULT NULL,
  `tgl` timestamp NULL DEFAULT CURRENT_TIMESTAMP,
  `keterangan` varchar(200) DEFAULT NULL,
  `tgl_edit` datetime DEFAULT NULL,
  PRIMARY KEY (`id`)
) ENGINE=MyISAM DEFAULT CHARSET=latin1;

--
--  Table structure for table "data_perubahan_stok"
--
DROP TABLE IF EXISTS data_perubahan_stok;

CREATE TABLE `data_perubahan_stok` (
  `id` int(10) NOT NULL AUTO_INCREMENT,
  `tgl` date NOT NULL,
  `id_subjenismenu` int(10) DEFAULT NULL,
  `id_pendapatan` int(11) DEFAULT NULL,
  `banyak` float NOT NULL DEFAULT '0',
  `id_satuan` int(11) NOT NULL,
  `harga_satuan` double NOT NULL DEFAULT '0',
  `alasan` varchar(200) NOT NULL DEFAULT '0',
  `id_pegawai` int(10) DEFAULT NULL,
  `is_pengurangan` int(1) DEFAULT NULL,
  `tgl_edit` datetime DEFAULT NULL,
  PRIMARY KEY (`id`)
) ENGINE=InnoDB DEFAULT CHARSET=latin1;

--
--  Table structure for table "data_satuan"
--
DROP TABLE IF EXISTS data_satuan;

CREATE TABLE `data_satuan` (
  `id` int(10) NOT NULL AUTO_INCREMENT,
  `nama` varchar(50) DEFAULT NULL,
  `isBase` int(1) DEFAULT NULL,
  `tgl_edit` datetime DEFAULT NULL,
  PRIMARY KEY (`id`)
) ENGINE=MyISAM AUTO_INCREMENT=14 DEFAULT CHARSET=latin1;

--
--  Table data for table "data_satuan". Record count - 13 
--
LOCK TABLES data_satuan WRITE;

INSERT INTO data_satuan VALUES (1,'KG',0,NULL);
INSERT INTO data_satuan VALUES (2,'Porsi',1,NULL);
INSERT INTO data_satuan VALUES (3,'Botol',1,NULL);
INSERT INTO data_satuan VALUES (4,'Bungkus',1,NULL);
INSERT INTO data_satuan VALUES (5,'Ons',1,NULL);
INSERT INTO data_satuan VALUES (6,'LUSIN',0,NULL);
INSERT INTO data_satuan VALUES (7,'Gram',1,NULL);
INSERT INTO data_satuan VALUES (8,'Pak',1,NULL);
INSERT INTO data_satuan VALUES (9,'Gelas',1,NULL);
INSERT INTO data_satuan VALUES (10,'Biji',1,NULL);
INSERT INTO data_satuan VALUES (11,'Kaleng',1,NULL);
INSERT INTO data_satuan VALUES (12,'Dus',0,NULL);
INSERT INTO data_satuan VALUES (13,'Buah',1,NULL);


UNLOCK TABLES;

--
--  Table structure for table "data_satuankonv"
--
DROP TABLE IF EXISTS data_satuankonv;

CREATE TABLE `data_satuankonv` (
  `id` int(10) NOT NULL AUTO_INCREMENT,
  `id_dasar` int(10) DEFAULT NULL,
  `id_konversi` int(10) DEFAULT NULL,
  `pengali` float DEFAULT NULL,
  `tgl_edit` datetime DEFAULT NULL,
  `isOtomatis` int(1) DEFAULT NULL,
  PRIMARY KEY (`id`)
) ENGINE=MyISAM AUTO_INCREMENT=44 DEFAULT CHARSET=latin1;

--
--  Table data for table "data_satuankonv". Record count - 19 
--
LOCK TABLES data_satuankonv WRITE;

INSERT INTO data_satuankonv VALUES (1,2,2,1,NULL,1);
INSERT INTO data_satuankonv VALUES (2,3,3,1,NULL,1);
INSERT INTO data_satuankonv VALUES (3,4,4,1,NULL,1);
INSERT INTO data_satuankonv VALUES (4,5,5,1,NULL,1);
INSERT INTO data_satuankonv VALUES (24,7,7,1,NULL,1);
INSERT INTO data_satuankonv VALUES (6,8,8,1,NULL,1);
INSERT INTO data_satuankonv VALUES (7,9,9,1,NULL,1);
INSERT INTO data_satuankonv VALUES (8,10,10,1,NULL,1);
INSERT INTO data_satuankonv VALUES (9,11,11,1,NULL,1);
INSERT INTO data_satuankonv VALUES (10,13,13,1,NULL,1);
INSERT INTO data_satuankonv VALUES (11,1,1,1,NULL,1);
INSERT INTO data_satuankonv VALUES (12,6,6,1,NULL,1);
INSERT INTO data_satuankonv VALUES (13,12,12,1,NULL,1);
INSERT INTO data_satuankonv VALUES (20,5,1,10,NULL,0);
INSERT INTO data_satuankonv VALUES (21,1,5,0.1,NULL,1);
INSERT INTO data_satuankonv VALUES (40,7,1,1000,NULL,0);
INSERT INTO data_satuankonv VALUES (41,1,7,0.001,NULL,1);
INSERT INTO data_satuankonv VALUES (42,7,5,100,NULL,0);
INSERT INTO data_satuankonv VALUES (43,5,7,0.01,NULL,1);


UNLOCK TABLES;

--
--  Table structure for table "data_subjenismenu"
--
DROP TABLE IF EXISTS data_subjenismenu;

CREATE TABLE `data_subjenismenu` (
  `id` int(10) NOT NULL AUTO_INCREMENT,
  `nama` varchar(100) DEFAULT NULL,
  `sort` int(10) DEFAULT NULL,
  `isBarcode` int(1) DEFAULT NULL,
  `Barcode` varchar(100) DEFAULT NULL,
  `id_satuan_laporan` int(10) DEFAULT NULL,
  `is_stok` int(1) DEFAULT NULL,
  `tgl_edit` datetime DEFAULT NULL,
  `is_NonMenu` int(1) DEFAULT NULL,
  PRIMARY KEY (`id`)
) ENGINE=MyISAM AUTO_INCREMENT=117 DEFAULT CHARSET=latin1;

--
--  Table data for table "data_subjenismenu". Record count - 93 
--
LOCK TABLES data_subjenismenu WRITE;

INSERT INTO data_subjenismenu VALUES (1,'',11,0,NULL,0,NULL,NULL,NULL);
INSERT INTO data_subjenismenu VALUES (2,'KEPITING',1,0,NULL,1,1,NULL,NULL);
INSERT INTO data_subjenismenu VALUES (3,'CUMI',2,0,NULL,1,1,NULL,NULL);
INSERT INTO data_subjenismenu VALUES (4,'UDANG',3,0,NULL,1,1,NULL,NULL);
INSERT INTO data_subjenismenu VALUES (5,'IKAN LAUT',4,0,NULL,7,1,NULL,NULL);
INSERT INTO data_subjenismenu VALUES (6,'GURAME',5,0,NULL,1,1,NULL,NULL);
INSERT INTO data_subjenismenu VALUES (7,'LALAPAN',7,0,NULL,0,0,NULL,NULL);
INSERT INTO data_subjenismenu VALUES (8,'KERANG',6,0,NULL,1,1,NULL,NULL);
INSERT INTO data_subjenismenu VALUES (9,'NASI',8,0,NULL,NULL,0,NULL,NULL);
INSERT INTO data_subjenismenu VALUES (10,'HIU',6,0,NULL,1,1,NULL,NULL);
INSERT INTO data_subjenismenu VALUES (12,'SUSU MANIS',11,1,'8992702000179',12,1,NULL,NULL);
INSERT INTO data_subjenismenu VALUES (13,'KECAP MANIS INDOFOOD 600ML',12,1,'089686420678',12,1,NULL,NULL);
INSERT INTO data_subjenismenu VALUES (14,'SPRITE 250ML',13,1,'8992761111533',11,1,NULL,NULL);
INSERT INTO data_subjenismenu VALUES (15,'FANTA STRAWBERY 250ML',14,1,'8992761111540',11,1,NULL,NULL);
INSERT INTO data_subjenismenu VALUES (16,'COCA COLA 250 ML',15,1,'8992761111519',11,1,NULL,NULL);
INSERT INTO data_subjenismenu VALUES (17,'COCA COLA 1 LITER',16,1,'8992761136161',3,1,NULL,NULL);
INSERT INTO data_subjenismenu VALUES (18,'PULPY ORANGE 350 ML',17,1,'8992761166038',3,1,NULL,NULL);
INSERT INTO data_subjenismenu VALUES (19,'FRESTEA MARKISA 500 ML',18,1,'8992761122348',3,1,NULL,NULL);
INSERT INTO data_subjenismenu VALUES (20,'KRATINDAENG Energy Drink 150 ML',19,1,'8886057883665',3,1,NULL,NULL);
INSERT INTO data_subjenismenu VALUES (21,'HEMAVITON Energy Drink 150 ML',20,1,'8999908034205',3,1,NULL,NULL);
INSERT INTO data_subjenismenu VALUES (22,'ISOTONIK ORANGE',21,1,'8992761122386',3,1,NULL,NULL);
INSERT INTO data_subjenismenu VALUES (23,'SAMPOERNA MILD 16',22,1,'8999909096004',4,1,NULL,NULL);
INSERT INTO data_subjenismenu VALUES (24,'Country Merah',23,1,'8998127533124',4,1,NULL,NULL);
INSERT INTO data_subjenismenu VALUES (25,'Ardath',24,1,'89981801',4,1,NULL,NULL);
INSERT INTO data_subjenismenu VALUES (26,'Malboro Merah',25,1,'76164217',4,1,NULL,NULL);
INSERT INTO data_subjenismenu VALUES (27,'Malboro Putih',26,1,'76239878',4,1,NULL,NULL);
INSERT INTO data_subjenismenu VALUES (28,'Dji Sam Soe',27,1,'8999909028234',4,1,NULL,NULL);
INSERT INTO data_subjenismenu VALUES (29,'Djarum 76',28,1,'8991906101668',4,1,NULL,NULL);
INSERT INTO data_subjenismenu VALUES (30,'Djarum Super',29,1,'8991906101019',4,1,NULL,NULL);
INSERT INTO data_subjenismenu VALUES (31,'Djarum Black',30,1,'8991906101118',4,1,NULL,NULL);
INSERT INTO data_subjenismenu VALUES (32,'L.A Lights 16',31,1,'8991906101057',4,1,NULL,NULL);
INSERT INTO data_subjenismenu VALUES (33,'Surya 12 Premium',20,1,'8998989300063',4,1,NULL,NULL);
INSERT INTO data_subjenismenu VALUES (34,'Surya 12',21,1,'8998989110129',4,1,NULL,NULL);
INSERT INTO data_subjenismenu VALUES (35,'G.G Inter',22,1,'8998989100120',4,1,NULL,NULL);
INSERT INTO data_subjenismenu VALUES (36,'Tali Jagat Filter',23,1,'8998127611136',4,1,NULL,NULL);
INSERT INTO data_subjenismenu VALUES (37,'Tali Jagat Kretek',24,1,'8998127622132',4,1,NULL,NULL);
INSERT INTO data_subjenismenu VALUES (39,'ISOTONIK LEMON',26,1,'8992761122379',3,1,NULL,NULL);
INSERT INTO data_subjenismenu VALUES (40,'POCARI SWEAT',27,1,'8997035563414',3,1,NULL,NULL);
INSERT INTO data_subjenismenu VALUES (41,'FANTA  BLUEBERY 250 ML',28,1,'8992761111595',4,1,NULL,NULL);
INSERT INTO data_subjenismenu VALUES (42,'COUNTRY CHOICE GUAVA 250 ML',29,1,'8994116101190',10,1,NULL,NULL);
INSERT INTO data_subjenismenu VALUES (43,'COUNTRY CHOICE JERUK 250 ML',30,1,'8994116101176',10,1,NULL,NULL);
INSERT INTO data_subjenismenu VALUES (44,'AQUA 240 ML',31,1,'8886008101046',9,1,NULL,NULL);
INSERT INTO data_subjenismenu VALUES (45,'AQUA 600 ML',32,1,'8886008101053',3,1,NULL,NULL);
INSERT INTO data_subjenismenu VALUES (46,'MARSHOF 220 ML',33,1,'8997001970079',9,1,NULL,NULL);
INSERT INTO data_subjenismenu VALUES (47,'LEO Nacho Cheese',34,1,'8992775511602',4,1,NULL,NULL);
INSERT INTO data_subjenismenu VALUES (48,'LEO Potato Crisps',35,1,'8992775511206',4,1,NULL,NULL);
INSERT INTO data_subjenismenu VALUES (66,'SUSU COKLAT',53,1,'8992702000063',11,1,NULL,NULL);
INSERT INTO data_subjenismenu VALUES (69,'Class Mild',54,1,'8993989311699',4,1,NULL,NULL);
INSERT INTO data_subjenismenu VALUES (70,'Class Mild Menthol',55,1,'8993989511679',4,1,NULL,NULL);
INSERT INTO data_subjenismenu VALUES (71,'Masako 9g',NULL,1,'8992770035127',12,1,NULL,1);
INSERT INTO data_subjenismenu VALUES (72,'Teh Sari Wangi 9.25g',NULL,1,'8999999193522',12,1,NULL,1);
INSERT INTO data_subjenismenu VALUES (73,'Sabun Colek BuKrim 300g',NULL,1,'8893335515293',12,1,NULL,1);
INSERT INTO data_subjenismenu VALUES (74,'Penyedap SASA 250 ML',NULL,1,'8991188943062',12,1,NULL,1);
INSERT INTO data_subjenismenu VALUES (75,'Tepung Bumbu Sajiku 42g',NULL,1,'8992770061034',12,1,NULL,1);
INSERT INTO data_subjenismenu VALUES (76,'Garam Halus DAUN 250g',NULL,1,'8993226302503',12,1,NULL,1);
INSERT INTO data_subjenismenu VALUES (77,'Kopi ABC Susu 31g',NULL,1,'8991002101630',12,1,NULL,1);
INSERT INTO data_subjenismenu VALUES (78,'Kopi ABC Plus 31g',NULL,1,'8991002101265',12,1,NULL,1);
INSERT INTO data_subjenismenu VALUES (79,'Hemaviton Jreng 4g',NULL,1,'8999908045805',12,1,NULL,1);
INSERT INTO data_subjenismenu VALUES (80,'Extra Joss Active 4g',NULL,1,'8993058000653',12,1,NULL,1);
INSERT INTO data_subjenismenu VALUES (81,'Super Pell Pine Essence 800 ML',NULL,1,'8999999406974',10,1,NULL,1);
INSERT INTO data_subjenismenu VALUES (82,'Super Pell Secret Garden 800 ML',NULL,1,'8999999406998',10,1,NULL,1);
INSERT INTO data_subjenismenu VALUES (83,'Super Pell Fresh Apples 800 ML',NULL,1,'8999999406929',10,1,NULL,1);
INSERT INTO data_subjenismenu VALUES (84,'Sunlight 200 ML',NULL,1,'8999999390419',10,1,NULL,1);
INSERT INTO data_subjenismenu VALUES (86,'Sirup Indofood Cocopandan 650 ML',NULL,1,'089686834109',3,1,NULL,1);
INSERT INTO data_subjenismenu VALUES (87,'Saos Raja Rasa 600 ML',NULL,1,'8997151800011',3,1,NULL,1);
INSERT INTO data_subjenismenu VALUES (88,'Saus Tiram ABC 425 ML',NULL,1,'711844140011',3,1,NULL,1);
INSERT INTO data_subjenismenu VALUES (89,'Kecap Asin ABC 135 ML',NULL,1,'711844115057',3,1,NULL,1);
INSERT INTO data_subjenismenu VALUES (90,'Multie Tissue 8 Rolls',NULL,NULL,NULL,10,1,NULL,1);
INSERT INTO data_subjenismenu VALUES (91,'FRESTEA APEL 500 ML ',76,1,'8992761122331',3,1,NULL,NULL);
INSERT INTO data_subjenismenu VALUES (92,'FRESTEA LEMON 500 ML ',77,1,'8992761122355',3,1,NULL,NULL);
INSERT INTO data_subjenismenu VALUES (94,'KORO GURIH',79,1,'2',4,1,NULL,NULL);
INSERT INTO data_subjenismenu VALUES (93,'Molen',78,1,'1',4,1,NULL,NULL);
INSERT INTO data_subjenismenu VALUES (95,'Sale Pisang',80,1,'3',4,1,NULL,NULL);
INSERT INTO data_subjenismenu VALUES (96,'Melinjo Manis',81,1,'4',4,1,NULL,NULL);
INSERT INTO data_subjenismenu VALUES (97,'Keciput Putih',82,1,'5',4,1,NULL,NULL);
INSERT INTO data_subjenismenu VALUES (98,'Keciput Hitam',83,1,'6',4,1,NULL,NULL);
INSERT INTO data_subjenismenu VALUES (99,'Teng Teng jahe',84,1,'7',4,1,NULL,NULL);
INSERT INTO data_subjenismenu VALUES (100,'Teng Teng kacang',85,1,'8',4,1,NULL,NULL);
INSERT INTO data_subjenismenu VALUES (101,'Kerupuk Kotak',86,1,'9',4,1,NULL,NULL);
INSERT INTO data_subjenismenu VALUES (102,'Kerupuk Tengiri',87,1,'10',4,1,NULL,NULL);
INSERT INTO data_subjenismenu VALUES (103,'Kerupuk Kemplang',88,1,'11',4,1,NULL,NULL);
INSERT INTO data_subjenismenu VALUES (104,'Kerupuk Tempe Kecil',89,1,'12',4,1,NULL,NULL);
INSERT INTO data_subjenismenu VALUES (105,'Kerupuk Tempe Besar',90,1,'13',4,1,NULL,NULL);
INSERT INTO data_subjenismenu VALUES (106,'Rambak Kecil',91,1,'14',4,1,NULL,NULL);
INSERT INTO data_subjenismenu VALUES (107,'Rambak Besar',92,1,'15',4,1,NULL,NULL);
INSERT INTO data_subjenismenu VALUES (108,'Kerupuk Ikan Palembang',93,1,'16',4,1,NULL,NULL);
INSERT INTO data_subjenismenu VALUES (109,'Makaroni',94,1,'17',4,1,NULL,NULL);
INSERT INTO data_subjenismenu VALUES (110,'Korek Api',95,1,'18',10,1,NULL,NULL);
INSERT INTO data_subjenismenu VALUES (111,'Tusuk Sate',NULL,NULL,NULL,10,1,NULL,1);
INSERT INTO data_subjenismenu VALUES (112,'Jeruk Buah',NULL,NULL,NULL,10,1,NULL,1);
INSERT INTO data_subjenismenu VALUES (113,'Jeruk Nipis',NULL,NULL,NULL,10,1,NULL,1);
INSERT INTO data_subjenismenu VALUES (114,'Kertas Minyak',NULL,NULL,NULL,4,1,NULL,1);
INSERT INTO data_subjenismenu VALUES (115,'xxxxxx',NULL,1,'111111111',1,1,NULL,1);


UNLOCK TABLES;

--
--  Table structure for table "data_tutupbuku"
--
DROP TABLE IF EXISTS data_tutupbuku;

CREATE TABLE `data_tutupbuku` (
  `id` int(10) NOT NULL AUTO_INCREMENT,
  `tgl` date DEFAULT NULL,
  `id_pegawai` int(10) DEFAULT NULL,
  `bos` double DEFAULT NULL,
  `modal` double DEFAULT NULL,
  `keterangan` varchar(100) DEFAULT NULL,
  PRIMARY KEY (`id`)
) ENGINE=InnoDB DEFAULT CHARSET=latin1;

--
--  Table structure for table "detail_pendapatan"
--
DROP TABLE IF EXISTS detail_pendapatan;

CREATE TABLE `detail_pendapatan` (
  `id` int(10) NOT NULL AUTO_INCREMENT,
  `id_pendapatan` int(10) DEFAULT NULL,
  `id_menu` int(10) DEFAULT NULL,
  `harga_satuan` double DEFAULT NULL,
  `id_satuan` int(10) DEFAULT NULL,
  `banyak` float DEFAULT NULL,
  `keterangan` varchar(200) DEFAULT NULL,
  `tgl_edit` datetime DEFAULT NULL,
  PRIMARY KEY (`id`)
) ENGINE=MyISAM AUTO_INCREMENT=3 DEFAULT CHARSET=latin1;

--
--  Table data for table "detail_pendapatan". Record count - 2 
--
LOCK TABLES detail_pendapatan WRITE;

INSERT INTO detail_pendapatan VALUES (1,1,1,8000,5,5,'',NULL);
INSERT INTO detail_pendapatan VALUES (2,2,111,6500,4,2,'',NULL);


UNLOCK TABLES;

--
--  Table structure for table "master_privilege"
--
DROP TABLE IF EXISTS master_privilege;

CREATE TABLE `master_privilege` (
  `id` int(10) NOT NULL AUTO_INCREMENT,
  `nama` varchar(50) NOT NULL,
  `tgl_edit` datetime DEFAULT NULL,
  PRIMARY KEY (`id`)
) ENGINE=MyISAM DEFAULT CHARSET=latin1;

--
--  Table structure for table "temp_bahanpembentuk"
--
DROP TABLE IF EXISTS temp_bahanpembentuk;

CREATE TABLE `temp_bahanpembentuk` (
  `id` int(10) NOT NULL AUTO_INCREMENT,
  `id_meja` int(10) DEFAULT NULL,
  `id_menu` int(10) DEFAULT NULL,
  `id_subjenismenu` int(10) DEFAULT NULL,
  `banyak` float DEFAULT NULL,
  `id_Satuan` int(10) DEFAULT NULL,
  `isEditedItem` int(1) DEFAULT NULL,
  PRIMARY KEY (`id`)
) ENGINE=InnoDB DEFAULT CHARSET=latin1;

--
--  Table structure for table "temp_pendapatan"
--
DROP TABLE IF EXISTS temp_pendapatan;

CREATE TABLE `temp_pendapatan` (
  `id` int(10) NOT NULL AUTO_INCREMENT,
  `id_meja` int(10) DEFAULT NULL,
  `id_menu` int(10) DEFAULT NULL,
  `harga_satuan` double DEFAULT NULL,
  `id_satuan` int(10) DEFAULT NULL,
  `banyak` float DEFAULT NULL,
  `keterangan` varchar(200) DEFAULT NULL,
  `isEditedItem` int(1) DEFAULT NULL,
  PRIMARY KEY (`id`)
) ENGINE=MyISAM AUTO_INCREMENT=6 DEFAULT CHARSET=latin1;

--
--  Table structure for table "temp_priv"
--
DROP TABLE IF EXISTS temp_priv;

CREATE TABLE `temp_priv` (
  `id_pegawai` int(10) DEFAULT NULL,
  `strPriv` varchar(100) DEFAULT NULL
) ENGINE=MyISAM DEFAULT CHARSET=latin1;

--
--  Table structure for table "temp_report_3"
--
DROP TABLE IF EXISTS temp_report_3;

CREATE TABLE `temp_report_3` (
  `tgl` date DEFAULT NULL,
  `pengeluaran` double DEFAULT NULL,
  `pendapatan` double DEFAULT NULL
) ENGINE=MyISAM DEFAULT CHARSET=latin1;

--
--  Table data for table "temp_report_3". Record count - 31 
--
LOCK TABLES temp_report_3 WRITE;

INSERT INTO temp_report_3 VALUES ('2014-08-01',0,0);
INSERT INTO temp_report_3 VALUES ('2014-08-02',0,0);
INSERT INTO temp_report_3 VALUES ('2014-08-03',0,0);
INSERT INTO temp_report_3 VALUES ('2014-08-04',0,0);
INSERT INTO temp_report_3 VALUES ('2014-08-05',0,0);
INSERT INTO temp_report_3 VALUES ('2014-08-06',0,0);
INSERT INTO temp_report_3 VALUES ('2014-08-07',0,0);
INSERT INTO temp_report_3 VALUES ('2014-08-08',0,0);
INSERT INTO temp_report_3 VALUES ('2014-08-09',0,0);
INSERT INTO temp_report_3 VALUES ('2014-08-10',0,0);
INSERT INTO temp_report_3 VALUES ('2014-08-11',0,0);
INSERT INTO temp_report_3 VALUES ('2014-08-12',0,0);
INSERT INTO temp_report_3 VALUES ('2014-08-13',0,0);
INSERT INTO temp_report_3 VALUES ('2014-08-14',0,0);
INSERT INTO temp_report_3 VALUES ('2014-08-15',0,0);
INSERT INTO temp_report_3 VALUES ('2014-08-16',0,0);
INSERT INTO temp_report_3 VALUES ('2014-08-17',0,0);
INSERT INTO temp_report_3 VALUES ('2014-08-18',0,0);
INSERT INTO temp_report_3 VALUES ('2014-08-19',0,0);
INSERT INTO temp_report_3 VALUES ('2014-08-20',0,0);
INSERT INTO temp_report_3 VALUES ('2014-08-21',0,0);
INSERT INTO temp_report_3 VALUES ('2014-08-22',0,0);
INSERT INTO temp_report_3 VALUES ('2014-08-23',0,0);
INSERT INTO temp_report_3 VALUES ('2014-08-24',0,0);
INSERT INTO temp_report_3 VALUES ('2014-08-25',0,0);
INSERT INTO temp_report_3 VALUES ('2014-08-26',0,0);
INSERT INTO temp_report_3 VALUES ('2014-08-27',0,0);
INSERT INTO temp_report_3 VALUES ('2014-08-28',0,0);
INSERT INTO temp_report_3 VALUES ('2014-08-29',0,0);
INSERT INTO temp_report_3 VALUES ('2014-08-30',0,0);
INSERT INTO temp_report_3 VALUES ('2014-08-31',0,0);


UNLOCK TABLES;

--
--  Table structure for table "temp_report_stok"
--
DROP TABLE IF EXISTS temp_report_stok;

CREATE TABLE `temp_report_stok` (
  `id_subjenismenu` int(10) DEFAULT NULL,
  `nama_items` varchar(100) DEFAULT NULL,
  `stok_masuk` float DEFAULT NULL,
  `stok_keluar` float DEFAULT NULL,
  `pengurangan_stok` float DEFAULT NULL,
  `penambahan_stok` float DEFAULT NULL,
  `nama_satuan` varchar(100) DEFAULT NULL,
  `sort` int(10) DEFAULT NULL
) ENGINE=InnoDB DEFAULT CHARSET=latin1;

